{
  "best_global_step": null,
  "best_metric": null,
  "best_model_checkpoint": null,
  "epoch": 1.0,
  "eval_steps": 500.0,
  "global_step": 63,
  "is_hyper_param_search": false,
  "is_local_process_zero": true,
  "is_world_process_zero": true,
  "log_history": [
    {
      "epoch": 0.016,
      "grad_norm": 11.220605850219727,
      "learning_rate": 9.993784606094612e-05,
      "loss": 3.4671151638031006,
      "step": 1,
      "token_acc": 0.36033519553072624
    },
    {
      "epoch": 0.32,
      "grad_norm": 1.960694670677185,
      "learning_rate": 7.712731319328798e-05,
      "loss": 1.2534325248316716,
      "step": 20,
      "token_acc": 0.5843289371605896
    },
    {
      "epoch": 0.64,
      "grad_norm": 0.7740909457206726,
      "learning_rate": 2.9435644843469436e-05,
      "loss": 1.0599562644958496,
      "step": 40,
      "token_acc": 0.6219039092808117
    },
    {
      "epoch": 0.96,
      "grad_norm": 0.8072810769081116,
      "learning_rate": 5.584586887435739e-07,
      "loss": 1.028612232208252,
      "step": 60,
      "token_acc": 0.625
    }
  ],
  "logging_steps": 20,
  "max_steps": 63,
  "num_input_tokens_seen": 0,
  "num_train_epochs": 1,
  "save_steps": 500,
  "stateful_callbacks": {
    "TrainerControl": {
      "args": {
        "should_epoch_stop": false,
        "should_evaluate": false,
        "should_log": false,
        "should_save": true,
        "should_training_stop": true
      },
      "attributes": {}
    }
  },
  "total_flos": 3.764583125046374e+16,
  "train_batch_size": 1,
  "trial_name": null,
  "trial_params": null
}
